{
  "name": "Passing Seasons",
  "expected": 4,
  "found": 23,
  "objectives": [
    {
      "x": 63.57142857142857,
      "y": 4.428571428571429,
      "template": 1,
      "confidence": 